Carrier,Region,Pallets From,Pallets To,Rate Per Pallet,Currency,Active
GRENDI,SARDEGNA,1,8,79,EUR,SI
GRENDI,SARDEGNA,9,999999,71,EUR,SI
GRENDI,SICILIA,1,8,92,EUR,SI
GRENDI,SICILIA,9,999999,83,EUR,SI
GRENDI,CALABRIA,1,8,79,EUR,SI
GRENDI,CALABRIA,9,999999,71,EUR,SI
GRENDI,PUGLIA,1,8,73,EUR,SI
GRENDI,PUGLIA,9,999999,65,EUR,SI
GRENDI,BASILICATA,1,8,73,EUR,SI
GRENDI,BASILICATA,9,999999,65,EUR,SI
GRENDI,CAMPANIA,1,8,73,EUR,SI
GRENDI,CAMPANIA,9,999999,65,EUR,SI
GRENDI,LAZIO,1,8,66,EUR,SI
GRENDI,LAZIO,9,999999,59,EUR,SI
