Carrier,Region,Weight From Kg,Weight To Kg,Rate Per Quintal,Currency,Active
MACSPED,BASILICATA,0,100,19,EUR,SI
MACSPED,BASILICATA,100.01,500,18.5,EUR,SI
MACSPED,BASILICATA,500.01,2000,18,EUR,SI
MACSPED,BASILICATA,2000.01,999999,17,EUR,SI
MACSPED,CALABRIA,0,100,19,EUR,SI
MACSPED,CALABRIA,100.01,500,18.5,EUR,SI
MACSPED,CALABRIA,500.01,2000,18,EUR,SI
MACSPED,CALABRIA,2000.01,999999,17,EUR,SI
MACSPED,CAMPANIA,0,100,17,EUR,SI
MACSPED,CAMPANIA,100.01,500,16,EUR,SI
MACSPED,CAMPANIA,500.01,2000,15.5,EUR,SI
MACSPED,CAMPANIA,2000.01,999999,15,EUR,SI
MACSPED,LAZIO,0,100,16,EUR,SI
MACSPED,LAZIO,100.01,500,15.5,EUR,SI
MACSPED,LAZIO,500.01,2000,14.5,EUR,SI
MACSPED,LAZIO,2000.01,999999,14.5,EUR,SI
MACSPED,LIGURIA,0,100,15,EUR,SI
MACSPED,LIGURIA,100.01,500,11.5,EUR,SI
MACSPED,LIGURIA,500.01,2000,11,EUR,SI
MACSPED,LIGURIA,2000.01,999999,10.5,EUR,SI
MACSPED,MARCHE,0,100,16,EUR,SI
MACSPED,MARCHE,100.01,500,13.5,EUR,SI
MACSPED,MARCHE,500.01,2000,13,EUR,SI
MACSPED,MARCHE,2000.01,999999,12.5,EUR,SI
MACSPED,VAL D'AOSTA,0,100,20,EUR,SI
MACSPED,VAL D'AOSTA,100.01,500,18,EUR,SI
MACSPED,VAL D'AOSTA,500.01,2000,18.5,EUR,SI
MACSPED,VAL D'AOSTA,2000.01,999999,18,EUR,SI
MACSPED,PIEMONTE,0,100,15,EUR,SI
MACSPED,PIEMONTE,100.01,500,11.5,EUR,SI
MACSPED,PIEMONTE,500.01,2000,11,EUR,SI
MACSPED,PIEMONTE,2000.01,999999,10.5,EUR,SI
MACSPED,PUGLIA,0,100,17,EUR,SI
MACSPED,PUGLIA,100.01,500,16,EUR,SI
MACSPED,PUGLIA,500.01,2000,15.5,EUR,SI
MACSPED,PUGLIA,2000.01,999999,15,EUR,SI
MACSPED,SICILIA,0,100,22,EUR,SI
MACSPED,SICILIA,100.01,500,20.5,EUR,SI
MACSPED,SICILIA,500.01,2000,20,EUR,SI
MACSPED,SICILIA,2000.01,999999,19.5,EUR,SI
